ソニー INZONE Buds WF-G700N ゲーミングイヤホン 完全ワイヤレス,https://jp.mercari.com/search?keyword=WF-G700N&order=desc&page_token=v1%3A0&sort=created_time,200000,0
amazon.co.jp/dp/B0F3XFNHCW?psc=1,https://jp.mercari.com/search?keyword=WF-C710N&order=desc&page_token=v1%3A0&sort=created_time,200000,0
ソニー WF-C700N 完全ワイヤレスイヤホン,https://jp.mercari.com/search?keyword=WF-C700N&sort=created_time&order=desc,200000,0
Amazon.co.jp: ソニー(SONY) 完全ワイヤレスイヤホン WF-C510 / 軽量小型4.6g / 高精度通話品質/外音取り込み対応/マルチポイント対応 / IPX4防滴性能 / ブラック/WF-C510 BC,https://jp.mercari.com/search?keyword=WF-C510&sort=created_time&order=desc,200000,0
Amazon.co.jp: ソニー(SONY) 完全ワイヤレスイヤホン WF-C500 : /軽量小型5.4g/高精度通話品質/簡単ペアリング/IPX4防滴性能/ブラック WF-C500 BZ : 楽器・音響機器,https://jp.mercari.com/search?keyword=WF-C500&sort=created_time&order=desc,200000,0
Amazon.co.jp: ソニー(SONY) WF-1000XM6 ブラック ワイヤレスイヤホン Bluetooth ハイレゾ 世界最高クラスノイズキャンセリング 外音取り込み 高性能マイク 通話品質 LDAC IPX4防滴 マルチポイント ロングバッテリー WF-1000XM6 BZ,https://jp.mercari.com/search?keyword=WF-1000XM6&sort=created_time&order=desc,200000,0
Amazon.co.jp: ソニー ゲーミングヘッドセット INZONE H5: WH-G500: モンスターハンターワイルズ推奨音質 / Fnatic監修 / ワイヤレス / 低遅延 / 有線接続ケーブル同梱 / 立体音響 / 軽量設計 約260g / 最大28時間バッテリー / 急速充電 / 長時間使用しても疲れづらい / ブームマイク付き / Perfect for PlayStation5 PS5 ブラック,https://jp.mercari.com/search?keyword=WH-G500&sort=created_time&order=desc,200000,0
ソニー(SONY) ワイヤレスノイズキャンセリングヘッドホン WH-CH720N,https://jp.mercari.com/search?keyword=WH-CH720N&sort=created_time&order=desc,200000,0
Amazon | ソニー ブルーレイプレーヤー/DVDプレーヤー 2025年モデル コンパクト スタンダードモデル BDP-S1700/K,https://jp.mercari.com/search?keyword=BDP-S1700&order=desc&page_token=v1%3A0&sort=created_time,200000,0
PlayStation Vita Wi-Fiモデル メタリック・レッド (PCH-2000ZA26),https://jp.mercari.com/search?keyword=PCH-2000ZA26&sort=created_time&order=desc,200000,0
PlayStation Vita Wi-Fiモデル グレイシャー・ホワイト(PCH-2000ZA22),https://jp.mercari.com/search?keyword=PCH-2000ZA22&sort=created_time&order=desc,200000,0
dyn-2.keepa.com/r/?type=amazon&smile=0&domain=5&asin=B00F27JDTU&source=website&path=product,https://jp.mercari.com/search?keyword=PCH-2000ZA11&sort=created_time&order=desc,200000,0
amazon.co.jp/dp/B074FM82HY?psc=1,https://jp.mercari.com/search?keyword=NW-S315K&sort=created_time&order=desc,200000,0target
